{
"apiVersion": "V2",
"assemblies": [
{
  "files": [
    {
      "filePath": "data_summary.tsv",
      "fileType": "DATA_TABLE",
      "uncompressedLengthBytes": "506"
    },
    {
      "filePath": "assembly_data_report.jsonl",
      "fileType": "DATA_REPORT",
      "uncompressedLengthBytes": "3509"
    }
  ]
},{
  "accession": "GCA_000146045.2",
  "files": [
    {
      "filePath": "GCA_000146045.2/GCA_000146045.2_R64_genomic.fna",
      "fileType": "GENOMIC_NUCLEOTIDE_FASTA",
      "uncompressedLengthBytes": "12223592"
    }
  ]
},{
  "accession": "GCF_000146045.2",
  "files": [
    {
      "filePath": "GCF_000146045.2/GCF_000146045.2_R64_genomic.fna",
      "fileType": "GENOMIC_NUCLEOTIDE_FASTA",
      "uncompressedLengthBytes": "12310392"
    }
  ]
}]}
